id,category
0,0.4105491641499993
1,0.6187036362859073
2,0.7201495766804905
3,0.604619011656283
4,0.829192748156347
5,0.6924147951419337
6,0.3928845924481459
7,0.6144546350650628
8,0.5801023679566901
9,0.7965385046201883
10,0.7404221850909779
11,0.6915997545054458
12,0.3441922389757064
13,0.5521890591798617
14,0.2121254085014459
15,0.7905498873758199
16,0.7638860700047649
17,0.7203204834380976
18,0.4383313975040485
19,0.6452493768115872
