{"initial_reset_timestamp": 1607321274.2275698, "timestamps": [1607321280.5467765], "episode_lengths": [272], "episode_rewards": [4.0], "episode_types": ["t"]}